-- phpMyAdmin SQL Dump
-- version 5.2.1
-- https://www.phpmyadmin.net/
--
-- Servidor: 127.0.0.1
-- Tiempo de generación: 05-05-2025 a las 16:13:01
-- Versión del servidor: 10.4.32-MariaDB
-- Versión de PHP: 8.2.12

SET SQL_MODE = "NO_AUTO_VALUE_ON_ZERO";
START TRANSACTION;
SET time_zone = "+00:00";


/*!40101 SET @OLD_CHARACTER_SET_CLIENT=@@CHARACTER_SET_CLIENT */;
/*!40101 SET @OLD_CHARACTER_SET_RESULTS=@@CHARACTER_SET_RESULTS */;
/*!40101 SET @OLD_COLLATION_CONNECTION=@@COLLATION_CONNECTION */;
/*!40101 SET NAMES utf8mb4 */;

--
-- Base de datos: `bdsoporte`
--

-- --------------------------------------------------------

--
-- Estructura de tabla para la tabla `cache`
--

CREATE TABLE `cache` (
  `key` varchar(255) NOT NULL,
  `value` mediumtext NOT NULL,
  `expiration` int(11) NOT NULL
) ENGINE=InnoDB DEFAULT CHARSET=utf8mb4 COLLATE=utf8mb4_unicode_ci;

-- --------------------------------------------------------

--
-- Estructura de tabla para la tabla `cache_locks`
--

CREATE TABLE `cache_locks` (
  `key` varchar(255) NOT NULL,
  `owner` varchar(255) NOT NULL,
  `expiration` int(11) NOT NULL
) ENGINE=InnoDB DEFAULT CHARSET=utf8mb4 COLLATE=utf8mb4_unicode_ci;

-- --------------------------------------------------------

--
-- Estructura de tabla para la tabla `cambio_toners`
--

CREATE TABLE `cambio_toners` (
  `id` bigint(20) UNSIGNED NOT NULL,
  `impresora_id` bigint(20) UNSIGNED NOT NULL,
  `toner_id` bigint(20) UNSIGNED NOT NULL,
  `fecha_cambio` date NOT NULL,
  `contador_paginas` int(11) NOT NULL,
  `motivo` enum('Toner bajo','Falla','Otro') NOT NULL,
  `paginas_impresas` int(11) DEFAULT NULL,
  `duracion_dias` int(11) DEFAULT NULL,
  `created_at` timestamp NULL DEFAULT NULL,
  `updated_at` timestamp NULL DEFAULT NULL
) ENGINE=InnoDB DEFAULT CHARSET=utf8mb4 COLLATE=utf8mb4_unicode_ci;

--
-- Volcado de datos para la tabla `cambio_toners`
--

INSERT INTO `cambio_toners` (`id`, `impresora_id`, `toner_id`, `fecha_cambio`, `contador_paginas`, `motivo`, `paginas_impresas`, `duracion_dias`, `created_at`, `updated_at`) VALUES
(7, 1, 22, '2025-04-22', 187070, 'Toner bajo', NULL, NULL, '2025-04-23 18:26:01', '2025-04-23 18:26:01'),
(8, 36, 56, '2025-04-23', 2564, 'Toner bajo', NULL, NULL, '2025-04-23 18:28:51', '2025-04-23 18:28:51'),
(9, 36, 57, '2025-05-20', 4568, 'Toner bajo', 2004, 27, '2025-04-23 18:29:26', '2025-04-23 18:29:26'),
(10, 23, 42, '2025-04-22', 34178, 'Toner bajo', NULL, NULL, '2025-04-23 18:33:22', '2025-04-23 18:33:22'),
(11, 37, 44, '2025-04-24', 33393, 'Toner bajo', NULL, NULL, '2025-04-24 15:12:02', '2025-04-24 15:12:02'),
(12, 36, 59, '2025-06-30', 5268, 'Toner bajo', 700, 41, '2025-04-24 16:01:30', '2025-04-24 16:01:30'),
(15, 28, 27, '2025-04-28', 54599, 'Toner bajo', NULL, NULL, '2025-04-28 15:20:01', '2025-04-28 15:20:01'),
(30, 36, 60, '2025-07-29', 8122, 'Toner bajo', 2854, 29, '2025-04-28 16:51:47', '2025-04-28 16:51:47'),
(31, 17, 23, '2025-04-29', 69174, 'Toner bajo', NULL, NULL, '2025-04-29 14:17:30', '2025-04-29 14:17:30'),
(32, 36, 61, '2025-08-20', 10123, 'Toner bajo', 2001, 22, '2025-04-29 14:47:49', '2025-04-29 14:47:49'),
(33, 4, 45, '2025-04-29', 37755, 'Toner bajo', NULL, NULL, '2025-04-29 14:55:17', '2025-04-29 14:55:17');

-- --------------------------------------------------------

--
-- Estructura de tabla para la tabla `failed_jobs`
--

CREATE TABLE `failed_jobs` (
  `id` bigint(20) UNSIGNED NOT NULL,
  `uuid` varchar(255) NOT NULL,
  `connection` text NOT NULL,
  `queue` text NOT NULL,
  `payload` longtext NOT NULL,
  `exception` longtext NOT NULL,
  `failed_at` timestamp NOT NULL DEFAULT current_timestamp()
) ENGINE=InnoDB DEFAULT CHARSET=utf8mb4 COLLATE=utf8mb4_unicode_ci;

-- --------------------------------------------------------

--
-- Estructura de tabla para la tabla `impresoras`
--

CREATE TABLE `impresoras` (
  `id` bigint(20) UNSIGNED NOT NULL,
  `modelo` varchar(255) NOT NULL,
  `ubicacion` varchar(255) NOT NULL,
  `descripcion` text DEFAULT NULL,
  `created_at` timestamp NULL DEFAULT NULL,
  `updated_at` timestamp NULL DEFAULT NULL
) ENGINE=InnoDB DEFAULT CHARSET=utf8mb4 COLLATE=utf8mb4_unicode_ci;

--
-- Volcado de datos para la tabla `impresoras`
--

INSERT INTO `impresoras` (`id`, `modelo`, `ubicacion`, `descripcion`, `created_at`, `updated_at`) VALUES
(1, 'HP 1606DN', 'MENTRADA08', NULL, '2025-04-22 17:22:57', '2025-04-22 17:22:57'),
(2, 'HP 107A', 'SISTEMAS02', NULL, '2025-04-22 18:15:19', '2025-04-22 18:15:19'),
(3, 'HP 1102W', 'SISTEMAS05', NULL, '2025-04-23 17:20:50', '2025-04-23 17:20:50'),
(4, 'HP 107A', 'ADMINISTRACION03', NULL, '2025-04-23 17:21:43', '2025-04-23 17:21:43'),
(5, 'HP 1505', 'GESTION02', NULL, '2025-04-23 17:22:24', '2025-04-23 17:22:24'),
(6, 'HP M12W', 'AGRIMENSURA01', NULL, '2025-04-23 17:23:28', '2025-04-23 17:23:28'),
(7, 'HP 1102W', 'AGRIMENSURA02', NULL, '2025-04-23 17:23:55', '2025-04-23 17:23:55'),
(8, 'HP 107A', 'AGRIMENSURA07', NULL, '2025-04-23 17:24:23', '2025-04-23 17:24:23'),
(9, 'HP M12W', 'AGRIMENSURA04', NULL, '2025-04-23 17:29:55', '2025-04-23 17:29:55'),
(10, 'HP M12W', 'AGRIMENSURA17', NULL, '2025-04-23 17:30:38', '2025-04-23 17:30:38'),
(11, 'HP M12W', 'AGRIMENSURA14', NULL, '2025-04-23 17:31:05', '2025-04-23 17:31:05'),
(12, 'BROTHER HL-1212W', 'AGRIMENSURA60', NULL, '2025-04-23 17:31:50', '2025-04-23 17:31:50'),
(13, 'HP 1606DN', 'AGRIMENSURA21', NULL, '2025-04-23 17:32:38', '2025-04-23 17:32:38'),
(14, 'SAMSUNG ML-2165', 'ASESORIA07', NULL, '2025-04-23 17:35:24', '2025-04-23 17:35:24'),
(15, 'HP M102', 'SUMARIOS05', NULL, '2025-04-23 17:37:17', '2025-04-23 17:37:17'),
(16, 'HP 107A', 'MUNICIPIOS01', NULL, '2025-04-23 17:37:45', '2025-04-23 17:37:45'),
(17, 'HP 1606DN', 'ASESORIA09', NULL, '2025-04-23 17:38:42', '2025-04-23 17:38:42'),
(18, 'BROTHER HL-1212W', 'DOMINIAL01', NULL, '2025-04-23 17:41:04', '2025-04-23 17:41:04'),
(19, 'HP 1006', 'VALUACION26', NULL, '2025-04-23 17:41:52', '2025-04-23 17:41:52'),
(20, 'HP 1102W', 'VALUACION11', NULL, '2025-04-23 17:43:03', '2025-04-23 17:43:03'),
(21, 'PANTUM P2509W', 'VALUACION43', NULL, '2025-04-23 17:43:45', '2025-04-23 17:43:45'),
(22, 'HP 1102W', 'INMUEBLES15', NULL, '2025-04-23 17:45:07', '2025-04-23 17:45:07'),
(23, 'HP 1102W', 'INMUEBLES12', NULL, '2025-04-23 17:45:25', '2025-04-23 17:45:25'),
(24, 'HP 1020', 'SECRETARIA11', NULL, '2025-04-23 17:45:50', '2025-04-23 17:45:50'),
(25, 'HP 1102W', 'DIRECCION02', NULL, '2025-04-23 17:47:43', '2025-04-23 17:47:43'),
(26, 'HP 1102W', 'DIRECCION03', NULL, '2025-04-23 17:47:53', '2025-04-23 17:47:53'),
(27, 'HP 107A', 'SECRETARIA15', NULL, '2025-04-23 17:48:17', '2025-04-23 17:48:17'),
(28, 'HP M12W', 'SECRETARIA16', NULL, '2025-04-23 17:48:36', '2025-04-23 17:48:36'),
(29, 'HP 1102W', 'SECRETARIA12', NULL, '2025-04-23 17:48:55', '2025-04-23 17:48:55'),
(30, 'HP M102', 'REGIMEN23', NULL, '2025-04-23 17:49:20', '2025-04-23 17:49:20'),
(31, 'HP 107A', 'REGIMEN18', NULL, '2025-04-23 17:49:45', '2025-04-23 17:49:45'),
(32, 'HP 1102W', 'REGIMEN14', NULL, '2025-04-23 17:50:15', '2025-04-23 17:50:15'),
(33, 'HP PRO 400', 'CARTOGRAFIA13', NULL, '2025-04-23 17:52:35', '2025-04-23 17:52:35'),
(34, 'HP PRO 400', 'SECRETARIA08', NULL, '2025-04-23 17:53:37', '2025-04-23 17:53:37'),
(35, 'HP M102', 'CARTOGRAFIA16', NULL, '2025-04-23 17:54:31', '2025-04-23 17:54:31'),
(36, 'PRUEBA', 'PRUEBA', NULL, '2025-04-23 18:27:52', '2025-04-23 18:27:52'),
(37, 'HP 107A', 'INMUEBLES21', NULL, '2025-04-24 15:11:10', '2025-04-24 15:11:10');

-- --------------------------------------------------------

--
-- Estructura de tabla para la tabla `jobs`
--

CREATE TABLE `jobs` (
  `id` bigint(20) UNSIGNED NOT NULL,
  `queue` varchar(255) NOT NULL,
  `payload` longtext NOT NULL,
  `attempts` tinyint(3) UNSIGNED NOT NULL,
  `reserved_at` int(10) UNSIGNED DEFAULT NULL,
  `available_at` int(10) UNSIGNED NOT NULL,
  `created_at` int(10) UNSIGNED NOT NULL
) ENGINE=InnoDB DEFAULT CHARSET=utf8mb4 COLLATE=utf8mb4_unicode_ci;

-- --------------------------------------------------------

--
-- Estructura de tabla para la tabla `job_batches`
--

CREATE TABLE `job_batches` (
  `id` varchar(255) NOT NULL,
  `name` varchar(255) NOT NULL,
  `total_jobs` int(11) NOT NULL,
  `pending_jobs` int(11) NOT NULL,
  `failed_jobs` int(11) NOT NULL,
  `failed_job_ids` longtext NOT NULL,
  `options` mediumtext DEFAULT NULL,
  `cancelled_at` int(11) DEFAULT NULL,
  `created_at` int(11) NOT NULL,
  `finished_at` int(11) DEFAULT NULL
) ENGINE=InnoDB DEFAULT CHARSET=utf8mb4 COLLATE=utf8mb4_unicode_ci;

-- --------------------------------------------------------

--
-- Estructura de tabla para la tabla `migrations`
--

CREATE TABLE `migrations` (
  `id` int(10) UNSIGNED NOT NULL,
  `migration` varchar(255) NOT NULL,
  `batch` int(11) NOT NULL
) ENGINE=InnoDB DEFAULT CHARSET=utf8mb4 COLLATE=utf8mb4_unicode_ci;

--
-- Volcado de datos para la tabla `migrations`
--

INSERT INTO `migrations` (`id`, `migration`, `batch`) VALUES
(1, '0001_01_01_000000_create_users_table', 1),
(2, '0001_01_01_000001_create_cache_table', 1),
(3, '0001_01_01_000002_create_jobs_table', 1),
(4, '2025_03_26_123630_create_ubications_table', 1),
(5, '2025_03_26_152142_modify_ubications_table', 2),
(6, '2025_04_21_150843_create_impresoras_table', 3),
(7, '2025_04_21_151020_create_toners_table', 3),
(8, '2025_04_21_151123_create_cambio_toners_table', 3),
(9, '2025_04_29_131458_add_usuario_to_users_table', 4),
(10, '2025_04_29_143741_add_usuario_to_users_table', 5);

-- --------------------------------------------------------

--
-- Estructura de tabla para la tabla `password_reset_tokens`
--

CREATE TABLE `password_reset_tokens` (
  `email` varchar(255) NOT NULL,
  `token` varchar(255) NOT NULL,
  `created_at` timestamp NULL DEFAULT NULL
) ENGINE=InnoDB DEFAULT CHARSET=utf8mb4 COLLATE=utf8mb4_unicode_ci;

-- --------------------------------------------------------

--
-- Estructura de tabla para la tabla `sessions`
--

CREATE TABLE `sessions` (
  `id` varchar(255) NOT NULL,
  `user_id` bigint(20) UNSIGNED DEFAULT NULL,
  `ip_address` varchar(45) DEFAULT NULL,
  `user_agent` text DEFAULT NULL,
  `payload` longtext NOT NULL,
  `last_activity` int(11) NOT NULL
) ENGINE=InnoDB DEFAULT CHARSET=utf8mb4 COLLATE=utf8mb4_unicode_ci;

--
-- Volcado de datos para la tabla `sessions`
--

INSERT INTO `sessions` (`id`, `user_id`, `ip_address`, `user_agent`, `payload`, `last_activity`) VALUES
('t2QA5JIhIjBvISMwywd09Ohqq3TbcS2Q6poLhQ6J', 1, '192.168.0.41', 'Mozilla/5.0 (Windows NT 10.0; Win64; x64) AppleWebKit/537.36 (KHTML, like Gecko) Chrome/135.0.0.0 Safari/537.36', 'YTo0OntzOjY6Il90b2tlbiI7czo0MDoiVnpxNzFuaE4zejJiOEo1V0M5c0NaTzJvQ29La2M5b0dEdEVocjY5SCI7czo5OiJfcHJldmlvdXMiO2E6MTp7czozOiJ1cmwiO3M6NDM6Imh0dHA6Ly8xOTIuMTY4LjAuOTY6ODAwMC9zb3BvcnRlL2ltcHJlc29yYXMiO31zOjY6Il9mbGFzaCI7YToyOntzOjM6Im9sZCI7YTowOnt9czozOiJuZXciO2E6MDp7fX1zOjUwOiJsb2dpbl93ZWJfNTliYTM2YWRkYzJiMmY5NDAxNTgwZjAxNGM3ZjU4ZWE0ZTMwOTg5ZCI7aToxO30=', 1746452868),
('tmr5L7JdICfj0ldfdsK6dgmw0APogXWNKWsOuywC', 1, '192.168.0.96', 'Mozilla/5.0 (Windows NT 10.0; Win64; x64) AppleWebKit/537.36 (KHTML, like Gecko) Chrome/135.0.0.0 Safari/537.36', 'YTo0OntzOjY6Il90b2tlbiI7czo0MDoiYlM4Zkd2b29nQnB3bUVxTWx2bHJtQnVlUUw4WnBQblZUWkRWMmpqeSI7czo2OiJfZmxhc2giO2E6Mjp7czozOiJvbGQiO2E6MDp7fXM6MzoibmV3IjthOjA6e319czo5OiJfcHJldmlvdXMiO2E6MTp7czozOiJ1cmwiO3M6NDQ6Imh0dHA6Ly8xOTIuMTY4LjAuOTY6ODAwMC9zb3BvcnRlL3ViaWNhY2lvbmVzIjt9czo1MDoibG9naW5fd2ViXzU5YmEzNmFkZGMyYjJmOTQwMTU4MGYwMTRjN2Y1OGVhNGUzMDk4OWQiO2k6MTt9', 1746454230);

-- --------------------------------------------------------

--
-- Estructura de tabla para la tabla `toners`
--

CREATE TABLE `toners` (
  `id` bigint(20) UNSIGNED NOT NULL,
  `codigo_unico` varchar(255) NOT NULL,
  `modelo` varchar(255) NOT NULL,
  `estado` enum('disponible','instalado','usado','dañado') NOT NULL DEFAULT 'disponible',
  `created_at` timestamp NULL DEFAULT NULL,
  `updated_at` timestamp NULL DEFAULT NULL
) ENGINE=InnoDB DEFAULT CHARSET=utf8mb4 COLLATE=utf8mb4_unicode_ci;

--
-- Volcado de datos para la tabla `toners`
--

INSERT INTO `toners` (`id`, `codigo_unico`, `modelo`, `estado`, `created_at`, `updated_at`) VALUES
(13, '80A-1', '80A', 'disponible', '2025-04-23 17:58:38', '2025-04-23 17:58:38'),
(14, '80A-2', '80A', 'disponible', '2025-04-23 17:58:38', '2025-04-23 17:58:38'),
(15, '80A-3', '80A', 'disponible', '2025-04-23 17:58:38', '2025-04-23 17:58:38'),
(16, '80A-4', '80A', 'disponible', '2025-04-23 17:58:38', '2025-04-23 17:58:38'),
(17, 'TN1060-1', 'TN1060', 'disponible', '2025-04-23 17:59:44', '2025-04-23 17:59:44'),
(18, 'TN1060-2', 'TN1060', 'disponible', '2025-04-23 17:59:44', '2025-04-23 17:59:44'),
(19, 'TN1060-3', 'TN1060', 'disponible', '2025-04-23 17:59:44', '2025-04-23 17:59:44'),
(20, '101S-1', '101S', 'disponible', '2025-04-23 18:00:05', '2025-04-23 18:00:05'),
(21, '101S-2', '101S', 'disponible', '2025-04-23 18:00:05', '2025-04-23 18:00:05'),
(22, '78A-1', '78A', 'usado', '2025-04-23 18:01:18', '2025-04-23 18:26:01'),
(23, '78A-2', '78A', 'usado', '2025-04-23 18:01:18', '2025-04-29 14:17:30'),
(24, '78A-3', '78A', 'disponible', '2025-04-23 18:01:18', '2025-04-23 18:01:18'),
(25, '78A-4', '78A', 'disponible', '2025-04-23 18:01:18', '2025-04-23 18:01:18'),
(26, '78A-5', '78A', 'disponible', '2025-04-23 18:01:18', '2025-04-23 18:01:18'),
(27, '79A-1', '79A', 'usado', '2025-04-23 18:01:48', '2025-04-23 18:01:48'),
(28, '79A-2', '79A', 'disponible', '2025-04-23 18:01:48', '2025-04-23 18:01:48'),
(29, '79A-3', '79A', 'disponible', '2025-04-23 18:01:48', '2025-04-23 18:01:48'),
(30, '79A-4', '79A', 'disponible', '2025-04-23 18:01:48', '2025-04-23 18:01:48'),
(31, '79A-5', '79A', 'disponible', '2025-04-23 18:01:48', '2025-04-23 18:01:48'),
(32, '79A-6', '79A', 'disponible', '2025-04-23 18:01:48', '2025-04-23 18:01:48'),
(33, '79A-7', '79A', 'disponible', '2025-04-23 18:01:48', '2025-04-23 18:01:48'),
(34, '79A-8', '79A', 'disponible', '2025-04-23 18:01:48', '2025-04-23 18:01:48'),
(35, '12A-1', '12A', 'disponible', '2025-04-23 18:02:40', '2025-04-23 18:02:40'),
(36, '12A-2', '12A', 'disponible', '2025-04-23 18:02:40', '2025-04-23 18:02:40'),
(37, '12A-3', '12A', 'disponible', '2025-04-23 18:02:40', '2025-04-23 18:02:40'),
(38, '12A-4', '12A', 'disponible', '2025-04-23 18:02:40', '2025-04-23 18:02:40'),
(39, '12A-5', '12A', 'disponible', '2025-04-23 18:02:40', '2025-04-23 18:02:40'),
(40, '12A-6', '12A', 'disponible', '2025-04-23 18:02:40', '2025-04-23 18:02:40'),
(41, '12A-7', '12A', 'disponible', '2025-04-23 18:02:40', '2025-04-23 18:02:40'),
(42, '85A-1', '85A', 'usado', '2025-04-23 18:03:08', '2025-04-23 18:33:22'),
(43, '85A-2', '85A', 'disponible', '2025-04-23 18:03:08', '2025-04-23 18:03:08'),
(44, '105A-1', '105A', 'usado', '2025-04-23 18:04:11', '2025-04-24 15:12:02'),
(45, '105A-2', '105A', 'usado', '2025-04-23 18:04:11', '2025-04-29 14:55:17'),
(46, '105A-3', '105A', 'disponible', '2025-04-23 18:04:11', '2025-04-23 18:04:11'),
(47, '105A-4', '105A', 'disponible', '2025-04-23 18:04:11', '2025-04-23 18:04:11'),
(48, '105A-5', '105A', 'disponible', '2025-04-23 18:04:11', '2025-04-23 18:04:11'),
(49, '105A-6', '105A', 'disponible', '2025-04-23 18:04:11', '2025-04-23 18:04:11'),
(50, '105A-7', '105A', 'disponible', '2025-04-23 18:04:11', '2025-04-23 18:04:11'),
(51, '105A-8', '105A', 'disponible', '2025-04-23 18:04:11', '2025-04-23 18:04:11'),
(52, '17A-1', '17A', 'disponible', '2025-04-23 18:04:30', '2025-04-23 18:04:30'),
(53, '17A-2', '17A', 'disponible', '2025-04-23 18:04:30', '2025-04-23 18:04:30'),
(54, '17A-3', '17A', 'disponible', '2025-04-23 18:04:30', '2025-04-23 18:04:30'),
(55, '17A-4', '17A', 'disponible', '2025-04-23 18:04:30', '2025-04-23 18:04:30'),
(56, 'PRUEBA-1', 'PRUEBA', 'usado', '2025-04-23 18:28:08', '2025-04-23 18:28:51'),
(57, 'PRUEBA-2', 'PRUEBA', 'usado', '2025-04-23 18:28:08', '2025-04-23 18:29:26'),
(58, '85A-3', '85A', 'disponible', '2025-04-23 18:32:13', '2025-04-23 18:32:13'),
(59, 'PRUEBA-3', 'PRUEBA', 'usado', '2025-04-24 16:00:53', '2025-04-24 16:01:30'),
(60, 'PRUEBA-4', 'PRUEBA', 'usado', '2025-04-24 16:00:53', '2025-04-28 16:51:47'),
(61, 'PRUEBA-5', 'PRUEBA', 'usado', '2025-04-28 15:18:45', '2025-04-29 14:47:49'),
(62, 'PRUEBA-6', 'PRUEBA', 'disponible', '2025-04-28 15:27:14', '2025-04-28 15:27:14'),
(63, 'PRUEBA-7', 'PRUEBA', 'disponible', '2025-04-28 15:27:14', '2025-04-28 15:27:14'),
(64, 'PRUEBA-8', 'PRUEBA', 'disponible', '2025-04-28 15:27:14', '2025-04-28 15:27:14'),
(65, 'PRUEBA-9', 'PRUEBA', 'disponible', '2025-04-28 15:27:14', '2025-04-28 15:27:14'),
(66, 'PRUEBA-10', 'PRUEBA', 'disponible', '2025-04-28 15:27:14', '2025-04-28 15:27:14');

-- --------------------------------------------------------

--
-- Estructura de tabla para la tabla `ubications`
--

CREATE TABLE `ubications` (
  `id` bigint(20) UNSIGNED NOT NULL,
  `usuario` varchar(255) NOT NULL,
  `ip` varchar(255) DEFAULT NULL,
  `nombreRed` varchar(255) DEFAULT NULL,
  `grupoRed` varchar(255) DEFAULT NULL,
  `estado` tinyint(1) NOT NULL DEFAULT 1,
  `created_at` timestamp NULL DEFAULT NULL,
  `updated_at` timestamp NULL DEFAULT NULL
) ENGINE=InnoDB DEFAULT CHARSET=utf8mb4 COLLATE=utf8mb4_unicode_ci;

--
-- Volcado de datos para la tabla `ubications`
--

INSERT INTO `ubications` (`id`, `usuario`, `ip`, `nombreRed`, `grupoRed`, `estado`, `created_at`, `updated_at`) VALUES
(2, 'JUAN LANGUASCO', '192.168.0.96', 'Sistemas03', 'SISTEMAS', 1, '2025-03-26 18:29:26', '2025-03-27 15:51:19'),
(3, 'DGCPRO', '192.168.0.1', 'DGCPRO', 'SISTEMAS', 1, '2025-03-26 18:39:29', '2025-03-26 18:39:29'),
(4, 'SERVER', '192.168.0.3', 'SERVER', 'SISTEMAS', 1, '2025-03-27 15:32:02', '2025-03-27 15:32:02'),
(5, 'SERVER', '192.168.0.4', 'NOD32', 'SISTEMAS', 1, '2025-03-27 15:32:21', '2025-03-31 15:28:43'),
(7, 'SERVER', '192.168.0.2', 'SERVER', 'SISTEMAS', 1, '2025-03-27 15:33:10', '2025-03-27 15:33:10'),
(8, 'SERVER', '192.168.0.6', 'SERVER', 'SISTEMAS', 1, '2025-03-27 15:33:24', '2025-03-27 15:33:24'),
(9, 'VIRTUALXP44', '192.168.0.7', 'VIRTUALXP44', 'SISTEMAS', 1, '2025-03-27 15:34:00', '2025-03-27 15:34:00'),
(10, 'SERVER', '192.168.0.8', 'SERVER', 'SISTEMAS', 1, '2025-03-27 15:34:18', '2025-03-27 15:34:18'),
(11, 'SERVER', '192.168.0.9', 'SERVER', 'SISTEMAS', 1, '2025-03-27 15:34:48', '2025-03-27 15:34:48'),
(12, 'SERVER', '192.168.0.10', 'SERVER', 'SISTEMAS', 1, '2025-03-27 15:35:04', '2025-03-27 15:35:04'),
(13, 'ALEJANDRO BASCOLO', '192.168.0.11', 'SISTEMAS01', 'SISTEMAS', 1, '2025-03-27 15:36:05', '2025-03-27 15:51:06'),
(14, 'SERVER', '192.168.0.12', 'SERVER', 'SISTEMAS', 1, '2025-03-27 15:36:24', '2025-03-27 15:36:24'),
(15, 'CLON2019', '192.168.0.13', 'CLON2019', 'SISTEMAS', 1, '2025-03-27 15:36:43', '2025-03-27 15:36:43'),
(16, 'SERVER', '192.168.0.14', 'SERVER', 'SISTEMAS', 1, '2025-03-27 15:36:58', '2025-03-27 15:36:58'),
(17, 'DIEGO DORNA', '192.168.0.15', 'SISTEMAS05', 'SISTEMAS', 1, '2025-03-27 15:37:36', '2025-03-27 15:50:56'),
(18, 'MIGUEL BUSTOS', '192.168.0.16', 'SISTEMAS10', 'SISTEMAS', 1, '2025-03-27 15:38:51', '2025-03-27 15:51:35'),
(19, 'SERVER', '192.168.0.17', 'SERVER', 'SISTEMAS', 1, '2025-03-27 15:39:31', '2025-03-27 15:39:31'),
(20, 'SERVER', '192.168.0.18', 'SERVER', 'SISTEMAS', 1, '2025-03-27 15:39:40', '2025-03-27 15:39:40'),
(21, 'SERVER', '192.168.0.19', 'SERVER', 'SISTEMAS', 1, '2025-03-27 15:39:48', '2025-03-27 15:39:48'),
(22, 'RAMIRO ROMERO', '192.168.0.20', 'SISTEMAS09', 'SISTEMAS', 1, '2025-03-27 15:40:12', '2025-03-31 16:44:55'),
(23, 'WORKSTATION', '192.168.0.22', 'WORKSTATION', 'SISTEMAS', 1, '2025-03-27 15:40:48', '2025-03-27 15:40:48'),
(24, 'SERVER', '192.168.0.21', 'SERVER', 'SISTEMAS', 1, '2025-03-27 15:41:12', '2025-03-27 15:41:12'),
(25, 'SOPORTE', '192.168.0.23', 'SOPORTE', 'SISTEMAS', 1, '2025-03-27 15:41:25', '2025-03-27 15:41:25'),
(26, 'NEWPRO', '192.168.0.24', 'NEWPRO', 'SISTEMAS', 1, '2025-03-27 15:41:48', '2025-03-27 15:41:48'),
(27, 'PRODUCON', '192.168.0.25', 'PRODUCON', 'SISTEMAS', 1, '2025-03-27 15:42:12', '2025-03-27 15:42:12'),
(28, 'SERVER', '192.168.0.26', 'SERVER', 'SISTEMAS', 1, '2025-03-27 15:43:06', '2025-03-27 15:43:06'),
(29, 'MULTISERVER', '192.168.0.27', 'MULTISERVER', 'SISTEMAS', 1, '2025-03-27 15:43:31', '2025-03-27 15:43:31'),
(30, 'WORDPRESS', '192.168.0.28', 'WORDPRESS', 'SISTEMAS', 1, '2025-03-27 15:43:52', '2025-03-27 15:43:52'),
(31, 'MAPSERVER02', '192.168.0.29', 'MAPSERVER02', 'SISTEMAS', 1, '2025-03-27 15:44:14', '2025-03-27 15:44:14'),
(32, 'PRODUCON2BAK', '192.168.0.31', 'PRODUCON2BAK', 'SISTEMAS', 1, '2025-03-27 15:44:43', '2025-03-27 15:46:55'),
(33, 'PRODUCONBAK', '192.168.0.30', 'PRODUCONBAK', 'SISTEMAS', 1, '2025-03-27 15:46:06', '2025-03-27 15:46:06'),
(34, 'GEOSERVER', '192.168.0.32', 'GEOSERVER', 'SISTEMAS', 1, '2025-03-27 15:47:23', '2025-03-27 15:47:23'),
(35, 'QUANTUM', '192.168.0.33', 'QUANTUM', 'SISTEMAS', 1, '2025-03-27 15:47:37', '2025-03-27 15:47:37'),
(36, 'SERVER07', '192.168.0.34', 'SERVER07', 'SISTEMAS', 1, '2025-03-27 15:47:58', '2025-03-27 15:47:58'),
(37, 'MARIANA SALAZAR', '192.168.0.35', 'CARTOGRAFIA04', 'CARTOGRAFIA', 1, '2025-03-27 15:49:03', '2025-03-27 15:51:27'),
(38, 'NORMA IBRAHIM', '192.168.0.36', 'AGRIMENSURA02', 'AGRIMENSURA', 1, '2025-03-27 15:50:29', '2025-03-27 15:50:29'),
(39, 'GABRIEL APARICIO', '192.168.0.37', 'AGRIMENSURA23', 'AGRIMENSURA', 1, '2025-03-27 15:53:58', '2025-03-27 15:53:58'),
(40, 'HUGO TALJUK', '192.168.0.38', 'AGRIMENSURA04', 'AGRIMENSURA', 1, '2025-03-27 15:55:52', '2025-03-27 15:55:52'),
(41, 'DANTE SIRIMALDI', '192.168.0.39', 'AGRIMENSURA05', 'AGRIMENSURA', 1, '2025-03-27 15:58:26', '2025-03-27 15:58:26'),
(42, 'LUCIANA CEDRON', '192.168.0.40', 'AGRIMENSURA07', 'AGRIMENSURA', 1, '2025-03-27 16:00:20', '2025-03-31 17:13:20'),
(43, 'VICENTE GOMEZ', '192.168.0.41', 'SISTEMAS19', 'SISTEMAS', 1, '2025-03-27 16:13:16', '2025-03-27 16:13:16'),
(44, 'MALENA IBARRA', '192.168.0.43', 'INMUEBLES18', 'INMUEBLES', 1, '2025-03-27 16:13:53', '2025-04-30 18:35:21'),
(45, 'MARIA PIQUE', '192.168.0.42', 'SUMARIOS05', 'SUMARIOS', 1, '2025-03-27 16:14:06', '2025-03-31 16:42:28'),
(46, 'DANIELA SALVATIERRA', '192.168.0.44', 'ASESORIA04', 'ASESORIA', 1, '2025-03-27 16:14:30', '2025-03-31 16:43:13'),
(47, 'BRUNO FERNANDEZ', '192.168.0.45', 'SISTEMAS02', 'SISTEMAS', 1, '2025-03-27 16:14:52', '2025-03-31 15:35:15'),
(48, 'SIN USUARIO', '192.168.0.46', 'VALUACION15', 'VALUACION', 0, '2025-03-27 16:15:53', '2025-04-01 16:23:44'),
(49, 'MAXI VILLALBA', '192.168.0.47', 'AGRIMENSURA13', 'AGRIMENSURA', 1, '2025-03-27 16:16:13', '2025-03-27 16:21:33'),
(50, 'ISABEL BASSOLI', '192.168.0.48', 'AGRIMENSURA15', 'AGRIMENSURA', 1, '2025-03-27 16:16:23', '2025-03-27 16:20:18'),
(51, 'FABIANA LEMOS', '192.168.0.49', 'AGRIMENSURA16', 'AGRIMENSURA', 1, '2025-03-27 16:19:37', '2025-03-27 16:19:37'),
(52, 'SEBASTIAN CANEVARO', '192.168.0.50', 'AGRIMENSURA17', 'AGRIMENSURA', 1, '2025-03-27 16:23:36', '2025-03-31 17:12:09'),
(53, 'MARTIN VALDIVIA', '192.168.0.51', 'INMUEBLES01', 'INMUEBLES', 1, '2025-03-27 16:24:14', '2025-03-27 16:30:47'),
(54, 'AGUSTIN IBARRA', '192.168.0.52', 'AGRIMENSURA19', 'AGRIMENSURA', 1, '2025-03-27 16:25:03', '2025-03-27 16:25:03'),
(55, 'GUILLERMO SOLER', '192.168.0.53', 'SISTEMAS07', 'SISTEMAS', 1, '2025-03-27 16:26:26', '2025-03-28 17:59:26'),
(56, 'FEDERICO REALES', '192.168.0.54', 'AGRIMENSURA31', 'AGRIMENSURA', 1, '2025-03-27 16:28:47', '2025-03-27 16:28:47'),
(57, 'LUIS AGUILAR', '192.168.0.55', 'AGRIMENSURA22', 'AGRIMENSURA', 1, '2025-03-27 16:29:37', '2025-03-27 16:29:37'),
(58, 'EMILSE BENITEZ', '192.168.0.56', 'INMUEBLES19', 'INMUEBLES', 1, '2025-03-27 16:30:21', '2025-03-27 16:30:21'),
(59, 'MJLOBO', '192.168.0.57', 'DOMINIAL01', 'DOMINIAL', 1, '2025-03-27 16:33:49', '2025-03-27 16:33:49'),
(60, 'CLAUDIA ROJAS', '192.168.0.58', 'AGRIMENSURA27', 'AGRIMENSURA', 1, '2025-03-27 16:39:49', '2025-03-27 16:39:49'),
(61, 'CLAUDIA AVILA', '192.168.0.59', 'AGRIMENSURA28', 'AGRIMENSURA', 1, '2025-03-27 16:41:58', '2025-03-27 16:41:58'),
(62, 'ANGEL SANCHEZ', '192.168.0.60', 'VALUACION43', 'VALUACION', 1, '2025-03-27 16:43:39', '2025-03-27 16:43:39'),
(63, 'DANTE FRASSA', '192.168.0.61', 'AGRIMENSURA600', 'AGRIMENSURA', 1, '2025-03-27 16:44:08', '2025-03-27 17:57:42'),
(64, 'RICARDO LINARES', '192.168.0.62', 'AGRIMENSURA30', 'AGRIMENSURA', 1, '2025-03-27 16:45:07', '2025-03-27 16:45:07'),
(65, 'PAUL VALDEZ', '192.168.0.63', 'MENTRADA12', 'MENTRADA', 1, '2025-03-27 16:46:00', '2025-04-30 18:37:26'),
(66, 'LIBRE', '192.168.0.64', 'LIBRE', 'LIBRE', 0, '2025-03-27 16:47:17', '2025-03-28 16:15:15'),
(67, 'CELINA ARGAÑARAZ', '192.168.0.65', 'AGRIMENSURA10', 'AGRIMENSURA', 1, '2025-03-27 16:49:13', '2025-03-27 16:49:13'),
(68, 'LILI JAIME', '192.168.0.66', 'VALUACION01', 'VALUACION', 1, '2025-03-27 16:50:33', '2025-03-27 16:50:33'),
(69, 'SANTIAGO BAEZ', '192.168.0.67', 'VALUACION18', 'VALUACION', 1, '2025-03-27 16:51:27', '2025-03-27 17:12:52'),
(70, 'INES VANGELDEREN', '192.168.0.68', 'VALUACION03', 'VALUACION', 1, '2025-03-27 16:52:40', '2025-03-31 17:20:06'),
(71, 'LIBRE', '192.168.0.69', 'LIBRE', 'LIBRE', 0, '2025-03-27 16:52:58', '2025-03-28 16:15:37'),
(72, 'PEDRO NIEVA', '192.168.0.70', 'VALUACION05', 'VALUACION', 1, '2025-03-27 16:54:52', '2025-03-27 16:54:52'),
(73, 'MARIELA AUDI', '192.168.0.71', 'ADMIN02', 'ADMINISTRACION', 1, '2025-03-27 16:55:49', '2025-03-27 16:55:49'),
(74, 'DANIEL CASTRO', '192.168.0.72', 'VALUACION07', 'VALUACION', 1, '2025-03-27 16:57:19', '2025-03-31 18:40:35'),
(75, 'JUAN MANUEL PERAL', '192.168.0.73', 'SECRETARIA15', 'SECRETARIA', 1, '2025-03-27 16:58:22', '2025-03-27 16:58:22'),
(76, 'JUAN LUIS GIMENEZ', '192.168.0.74', 'VALUACION42', 'VALUACION', 1, '2025-03-27 16:59:26', '2025-03-31 15:33:24'),
(77, 'JOSE CRUZ', '192.168.0.75', 'VALUACION10', 'VALUACION', 1, '2025-03-27 17:00:40', '2025-03-27 17:00:40'),
(78, 'LIBRE', '192.168.0.76', 'LIBRE', 'LIBRE', 0, '2025-03-27 17:00:55', '2025-03-28 16:15:47'),
(79, 'JUAN PEIRO', '192.168.0.77', 'VALUACION12', 'VALUACION', 1, '2025-03-27 17:02:14', '2025-03-27 17:03:36'),
(80, 'BEATRIZ AVILA', '192.168.0.78', 'SISTEMAS13', 'SISTEMAS', 1, '2025-03-27 17:03:20', '2025-03-27 17:03:20'),
(81, 'NATALIA DI FARCO', '192.168.0.79', 'VALUACION14', 'VALUACION', 1, '2025-03-27 17:04:38', '2025-03-27 17:04:38'),
(82, 'ANALIA CORBALAN', '192.168.0.80', 'VALUACION16', 'VALUACION', 1, '2025-03-27 17:12:01', '2025-03-27 17:12:01'),
(83, 'JORGE CARO', '192.168.0.81', 'VALUACION17', 'VALUACION', 1, '2025-03-27 17:12:22', '2025-03-27 17:12:22'),
(84, 'ANA FROMM', '192.168.0.82', 'ASESORIA09', 'ASESORIA', 1, '2025-03-27 17:14:08', '2025-03-27 17:14:08'),
(85, 'MARTA PEREZ DIAZ', '192.168.0.83', 'VALUACION20', 'VALUACION', 1, '2025-03-27 17:15:09', '2025-03-27 17:15:09'),
(86, 'LIBRE', '192.168.0.84', 'LIBRE', 'LIBRE', 0, '2025-03-27 17:15:26', '2025-03-28 16:15:58'),
(87, 'ING. HUGO JIMENEZ', '192.168.0.85', 'DIRECCION02', 'DIRECCION', 1, '2025-03-27 17:16:22', '2025-03-31 17:07:56'),
(88, 'ATILIO CABRAL', '192.168.0.86', 'VALUACION52', 'VALUACION', 1, '2025-03-27 17:17:55', '2025-03-27 17:17:55'),
(89, 'MARIA DIAZ', '192.168.0.87', 'VALUACION24', 'VALUACION', 1, '2025-03-27 17:18:28', '2025-03-31 17:21:01'),
(90, 'RUTH FRIAS', '192.168.0.88', 'VALUACION41', 'VALUACION', 1, '2025-03-27 18:19:43', '2025-03-31 16:54:49'),
(91, 'GRACIELA DE ANGELIS', '192.168.0.89', 'VALUACION26', 'VALUACION', 1, '2025-03-27 18:20:49', '2025-03-27 18:20:49'),
(92, 'ANA DORADO', '192.168.0.90', 'PERSONAL01', 'PERSONAL', 1, '2025-03-27 18:22:00', '2025-03-27 18:22:52'),
(93, 'SILVINA CORTEZ', '192.168.0.91', 'VALUACION29', 'VALUACION', 1, '2025-03-27 18:23:55', '2025-03-27 18:23:55'),
(94, 'LUCIA FAJRE', '192.168.0.92', 'VALUACION30', 'VALUACION', 1, '2025-03-27 18:24:58', '2025-03-27 18:24:58'),
(95, 'HECTOR SERRIZUELA', '192.168.0.93', 'VALUACION31', 'VALUACION', 1, '2025-03-27 18:25:46', '2025-03-27 18:25:46'),
(96, 'MAXI NAVARRO', '192.168.0.94', 'VALUACION32', 'VALUACION', 1, '2025-03-27 18:27:00', '2025-03-27 18:27:00'),
(97, 'GABRIEL ESPINOSA', '192.168.0.95', 'ADMIN05', 'ADMINISTRACION', 1, '2025-03-27 18:27:35', '2025-03-27 18:28:41'),
(98, 'DANIEL JUAREZ', '192.168.0.97', 'SISTEMAS23', 'SISTEMAS', 1, '2025-03-27 18:29:26', '2025-04-01 18:06:59'),
(99, 'JOSE GIANCOTTI', '192.168.0.98', 'VALUACION38', 'VALUACION', 1, '2025-03-27 18:30:35', '2025-03-27 18:30:35'),
(100, 'SERVER DE CAMARAS', '192.168.0.99', 'SERVER99', 'SISTEMAS', 1, '2025-03-27 18:30:50', '2025-03-27 18:30:50'),
(101, 'MARIA JULIA GUTIERREZ', '192.168.0.100', 'CARTOGRAFIA12', 'CARTOGRAFIA', 1, '2025-03-27 18:32:08', '2025-03-27 18:32:08'),
(102, 'ROSANA REDONDO', '192.168.0.101', 'SUMARIOS04', 'SUMARIOS', 1, '2025-03-27 18:49:27', '2025-03-28 14:49:45'),
(103, 'DANIELA IBAÑEZ', '192.168.0.102', 'REGIMEN13', 'REGIMEN', 1, '2025-03-28 14:22:46', '2025-03-28 14:50:01'),
(104, 'MARCELO PONCE', '192.168.0.103', 'VALUACION50', 'VALUACION', 1, '2025-03-28 14:23:52', '2025-03-28 14:50:23'),
(105, 'ANALIA CEREZO', '192.168.0.104', 'REGIMEN17', 'REGIMEN', 1, '2025-03-28 14:49:13', '2025-03-28 14:50:59'),
(106, 'AGUSTIN PONCE', '192.168.0.105', 'REGIMEN27', 'REGIMEN', 1, '2025-03-28 14:51:59', '2025-03-28 14:51:59'),
(107, 'ENRIQUE ESPECHE', '192.168.0.106', 'DIRECCION03', 'DIRECCION', 1, '2025-03-28 14:52:49', '2025-03-28 14:52:49'),
(108, 'ANDREA SANCHEZ', '192.168.0.107', 'VALUACION11', 'VALUACION', 1, '2025-03-28 14:53:36', '2025-03-28 14:53:36'),
(109, 'FLORENCIA TOUCEDA', '192.168.0.108', 'REGIMEN04', 'REGIMEN', 1, '2025-03-28 14:54:16', '2025-03-28 14:54:16'),
(110, 'LAURA GRACI', '192.168.0.109', 'AGRIMENSURA24', 'AGRIMENSURA', 1, '2025-03-28 14:54:51', '2025-03-31 16:38:35'),
(111, 'ESTEBAN BUSCETO', '192.168.0.110', 'REGIMEN06', 'REGIMEN', 1, '2025-03-28 14:57:43', '2025-03-28 14:57:43'),
(112, 'SANDRA MEONIS', '192.168.0.111', 'REGIMEN07', 'REGIMEN', 1, '2025-03-28 14:58:47', '2025-03-28 14:58:47'),
(113, 'LIBRE', '192.168.0.112', 'LIBRE', 'LIBRE', 0, '2025-03-28 14:59:22', '2025-03-28 16:16:31'),
(114, 'RAMIRO DELGADO', '192.168.0.113', 'REGIMEN09', 'REGIMEN', 1, '2025-03-28 15:00:28', '2025-03-28 15:00:28'),
(115, 'SOL HERNANDEZ', '192.168.0.114', 'SECRETARIA08', 'SECRETARIA', 1, '2025-03-28 15:02:47', '2025-03-28 15:02:47'),
(116, 'SEBASTIAN ZAMORA', '192.168.0.115', 'SECRETARIA16', 'SECRETARIA', 1, '2025-03-28 15:06:01', '2025-03-28 15:06:01'),
(117, 'GRACIELA CACERES', '192.168.0.116', 'REGIMEN12', 'REGIMEN', 1, '2025-03-28 15:07:24', '2025-03-28 15:07:24'),
(118, 'PATRICIO LOPEZ', '192.168.0.117', 'SISTEMAS08', 'SISTEMAS', 1, '2025-03-28 15:09:20', '2025-03-28 15:09:20'),
(119, 'JOSE OLEA', '192.168.0.118', 'REGIMEN14', 'REGIMEN', 1, '2025-03-28 15:13:13', '2025-03-28 15:13:13'),
(120, 'HECTOR ALANIS', '192.168.0.119', 'REGIMEN15', 'REGIMEN', 1, '2025-03-28 15:15:52', '2025-03-28 15:15:52'),
(121, 'SOLANA MARTINEZ', '192.168.0.120', 'REGIMEN16', 'REGIMEN', 1, '2025-03-28 15:16:52', '2025-03-28 15:16:52'),
(122, 'ALICIA GASPA', '192.168.0.121', 'REGIMEN18', 'REGIMEN', 1, '2025-03-28 15:17:29', '2025-03-28 15:17:29'),
(123, 'PRODUCON2016', '192.168.0.122', 'PRODUCON2016', 'SISTEMAS', 1, '2025-03-28 15:18:13', '2025-03-28 15:18:13'),
(124, 'LIBRE', '192.168.0.123', 'LIBRE', 'LIBRE', 0, '2025-03-28 15:19:19', '2025-03-28 16:16:39'),
(125, 'SIN USUARIO', '192.168.0.124', 'REGIMEN03', 'REGIMEN', 1, '2025-03-28 15:20:13', '2025-03-28 15:20:13'),
(126, 'CESAR DEBBO', '192.168.0.125', 'INMUEBLES24', 'INMUEBLES', 1, '2025-03-28 15:21:26', '2025-04-30 17:19:27'),
(127, 'AGUSTINA MURO', '192.168.0.126', 'REGIMEN23', 'REGIMEN', 1, '2025-03-28 15:22:10', '2025-03-28 15:22:10'),
(128, 'LIBRE', '192.168.0.127', 'LIBRE', 'LIBRE', 0, '2025-03-28 15:23:13', '2025-03-28 16:16:50'),
(129, 'ROCIO GONZALEZ', '192.168.0.128', 'VALUACION09', 'VALUACION', 1, '2025-03-28 15:23:47', '2025-03-28 15:23:47'),
(130, 'JULIO MOLINA', '192.168.0.129', 'INMUEBLES21', 'INMUEBLES', 1, '2025-03-28 15:24:41', '2025-03-28 15:24:41'),
(131, 'SOLEDAD HERNANDEZ', '192.168.0.130', 'ASESORIA05', 'ASESORIA', 1, '2025-03-28 15:26:45', '2025-03-28 15:26:45'),
(132, 'ROCIO CAINZO', '192.168.0.131', 'VALUACION08', 'VALUACION', 1, '2025-03-28 15:27:37', '2025-03-28 15:27:37'),
(133, 'VICTOR PONCE', '192.168.0.132', 'INMUEBLES10', 'INMUEBLES', 1, '2025-03-28 15:28:45', '2025-03-28 15:28:45'),
(134, 'MARTIN VALDIVIA', '192.168.0.133', 'INMUEBLES02', 'INMUEBLES', 1, '2025-03-28 15:46:19', '2025-03-28 15:46:19'),
(135, 'GONZALO FLORES', '192.168.0.134', 'DOMINIAL02', 'DOMINIAL', 1, '2025-03-28 15:47:18', '2025-03-28 15:47:18'),
(136, 'LUCIANA MARENGO', '192.168.0.135', 'INMUEBLES07', 'INMUEBLES', 1, '2025-03-28 15:48:17', '2025-04-30 18:34:47'),
(137, 'DESCONOCIDO', '192.168.0.136', 'MENTRADA02', 'MENTRADA', 1, '2025-03-28 15:50:42', '2025-04-11 17:20:15'),
(138, 'CARLOS DIONISI', '192.168.0.137', 'VALUACION13', 'VALUACION', 1, '2025-03-28 15:51:57', '2025-03-28 15:51:57'),
(139, 'PEDRO CHAILE', '192.168.0.138', 'INMUEBLES08', 'INMUEBLES', 1, '2025-03-28 15:52:31', '2025-03-28 15:52:31'),
(140, 'FACUNDO FRANCIS', '192.168.0.139', 'INMUEBLES16', 'INMUEBLES', 1, '2025-03-28 15:53:03', '2025-03-28 15:53:03'),
(141, 'ARIEL LLABRA', '192.168.0.140', 'INMUEBLES12', 'INMUEBLES', 1, '2025-03-28 15:54:03', '2025-03-28 15:54:03'),
(142, 'DANTE FRASSA', '192.168.0.141', 'AGRIMENSURA60', 'AGRIMENSURA', 1, '2025-03-28 15:54:30', '2025-03-28 15:54:30'),
(143, 'JORGE HERNANDEZ', '192.168.0.142', 'INMUEBLES14', 'INMUEBLES', 1, '2025-03-28 15:54:59', '2025-03-28 15:54:59'),
(144, 'GUADALUPE BARTHE', '192.168.0.143', 'INMUEBLES15', 'INMUEBLES', 1, '2025-03-28 15:56:26', '2025-03-28 15:56:26'),
(145, 'SIN USUARIO', '192.168.0.144', 'INMUEBLES09', 'INMUEBLES', 1, '2025-03-28 15:57:06', '2025-04-01 16:51:58'),
(146, 'SUSANA CHRESTIA', '192.168.0.145', 'VALUACION40', 'VALUACION', 1, '2025-03-28 15:58:20', '2025-03-28 15:58:20'),
(147, 'ALEJANDRO NAVARRO', '192.168.0.146', 'LAPTOP-DIRECCION', 'DIRECCION', 0, '2025-03-28 15:59:39', '2025-04-21 15:44:52'),
(148, 'MARIA CASTELOTTE', '192.168.0.159', 'INMUEBLES05', 'INMUEBLES', 1, '2025-03-28 16:00:20', '2025-03-31 18:22:55'),
(149, 'SIN USUARIO', '192.168.0.147', 'REGIMEN02', 'REGIMEN', 1, '2025-03-28 16:00:40', '2025-03-28 16:00:40'),
(153, 'LAURA SHOIJET', '192.168.0.148', 'INMUEBLES20', 'INMUEBLES', 1, '2025-03-28 16:13:19', '2025-03-28 16:13:19'),
(154, 'MARIA SANSONE', '192.168.0.160', 'INMUEBLES03', 'INMUEBLES', 1, '2025-03-28 16:14:02', '2025-03-28 16:52:26'),
(155, 'ROBERTO GUERRERO', '192.168.0.150', 'INMUEBLES22', 'INMUEBLES', 1, '2025-03-28 16:18:16', '2025-03-28 16:18:16'),
(156, 'ROCIO JOAQUIN', '192.168.0.151', 'CARTOGRAFIA16', 'CARTOGRAFIA', 1, '2025-03-28 16:19:55', '2025-03-28 16:19:55'),
(157, 'VANESA ESMEIL', '192.168.0.152', 'INMUEBLES13', 'INMUEBLES', 1, '2025-03-28 16:20:40', '2025-03-28 16:20:40'),
(158, 'NICOLAS MANSILLA', '192.168.0.153', 'AGRIMENSURA20', 'AGRIMENSURA', 1, '2025-03-28 16:22:52', '2025-03-31 17:14:40'),
(159, 'ALEJANDRA MOYA', '192.168.0.154', 'CARTOGRAFIA03', 'CARTOGRAFIA', 1, '2025-03-28 16:24:06', '2025-03-28 16:24:06'),
(160, 'CARLOS FRANCIS', '192.168.0.155', 'AGRIMENSURA01', 'AGRIMENSURA', 1, '2025-03-28 16:24:59', '2025-03-28 16:24:59'),
(161, 'ROXANA GUERRERO', '192.168.0.156', 'CARTOGRAFIA05', 'CARTOGRAFIA', 1, '2025-03-28 16:25:54', '2025-03-28 16:25:54'),
(162, 'CRISTINA TOLEDO', '192.168.0.157', 'CARTOGRAFIA06', 'CARTOGRAFIA', 1, '2025-03-28 16:26:30', '2025-03-28 16:26:30'),
(163, 'LIBRE', '192.168.0.158', 'LIBRE', 'LIBRE', 1, '2025-03-28 16:27:04', '2025-03-28 16:27:04'),
(164, 'LIBRE', '192.168.0.149', 'LIBRE', 'LIBRE', 0, '2025-03-28 16:52:52', '2025-03-28 16:52:52'),
(165, 'FABRINA ROHRMANN', '192.168.0.161', 'CARTOGRAFIA17', 'CARTOGRAFIA', 1, '2025-03-28 16:53:40', '2025-03-31 15:41:21'),
(166, 'ROCIO MARTINEZ', '192.168.0.162', 'AGRIMENSURA14', 'AGRIMENSURA', 1, '2025-03-28 16:54:52', '2025-03-31 17:35:02'),
(167, 'ROCIO JOAQUIN', '192.168.0.163', 'CARTOGRAFIA16', 'CARTOGRAFIA', 1, '2025-03-28 16:55:45', '2025-03-28 16:55:45'),
(168, 'SEBASTIAN FERNANDEZ', '192.168.0.164', 'CARTOGRAFIA13', 'CARTOGRAFIA', 1, '2025-03-28 16:58:22', '2025-03-28 16:58:22'),
(169, 'JUAN SALCEDO', '192.168.0.165', 'CARTOGRAFIA14', 'CARTOGRAFIA', 1, '2025-03-28 17:00:51', '2025-03-28 17:00:51'),
(170, 'KARINA BATTAGLIA', '192.168.0.166', 'CARTOGRAFIA15', 'CARTOGRAFIA', 1, '2025-03-28 17:01:43', '2025-03-28 17:01:43'),
(171, 'CAROLINA YASIN', '192.168.0.167', 'SECRETARIA01', 'SECRETARIA', 1, '2025-03-28 17:03:07', '2025-03-28 17:03:07'),
(172, 'JAVIER PAZ', '192.168.0.169', 'AGRIMENSURA29', 'AGRIMENSURA', 1, '2025-03-28 17:06:28', '2025-03-28 17:06:28'),
(173, 'ROBERTO BENITEZ', '192.168.0.168', 'CARTOGRAFIA19', 'CARTOGRAFIA', 1, '2025-03-28 17:07:39', '2025-03-28 17:07:39'),
(174, 'MARIO POLITO', '192.168.0.170', 'CARTOGRAFIA21', 'CARTOGRAFIA', 1, '2025-03-28 17:08:11', '2025-03-31 15:45:26'),
(175, 'SERGIO PONCE', '192.168.0.171', 'AGRIMENSURA06', 'AGRIMENSURA', 1, '2025-03-28 17:09:32', '2025-03-28 17:09:32'),
(176, 'AGUSTINA LAMI', '192.168.0.172', 'SECRETARIA17', 'SECRETARIA', 1, '2025-03-28 17:10:18', '2025-03-28 17:10:18'),
(177, 'MABEL QUIPILDOR', '192.168.0.173', 'INMUEBLES11', 'INMUEBLES', 1, '2025-03-28 17:11:01', '2025-03-31 18:22:23'),
(178, 'SEBASTIAN MENA', '192.168.0.174', 'INMUEBLES23', 'INMUEBLES', 1, '2025-03-28 17:13:14', '2025-04-30 18:38:24'),
(179, 'NATALIA LAMAISON', '192.168.0.175', 'SECRETARIA12', 'SECRETARIA', 1, '2025-03-28 17:14:11', '2025-03-28 17:14:11'),
(180, 'ANA MARCILLA', '192.168.0.176', 'ASESORIA06', 'ASESORIA', 1, '2025-03-28 17:16:05', '2025-03-28 17:16:05'),
(181, 'LUCIANO CHAIN', '192.168.0.177', 'INMUEBLES25', 'INMUEBLES', 1, '2025-03-28 17:17:45', '2025-03-28 17:17:45'),
(182, 'LIBRE', '192.168.0.178', 'LIBRE', 'LIBRE', 1, '2025-03-28 17:23:22', '2025-03-28 17:23:22'),
(183, 'G. CAMPERO', '192.168.0.179', 'INMUEBLES04', 'INMUEBLES', 1, '2025-03-28 17:24:17', '2025-04-01 16:49:03'),
(184, 'SERVER', '192.168.0.180', 'SERVER', 'SISTEMAS', 1, '2025-03-28 17:27:20', '2025-03-28 17:27:20'),
(185, 'PUERTA DE ENLACE', '192.168.0.181', 'PUERTA DE ENLACE', 'SISTEMAS', 1, '2025-03-28 17:27:53', '2025-03-28 17:27:53'),
(186, 'PUERTA DE ENLACE', '192.168.0.182', 'PUERTA DE ENLACE', 'SISTEMAS', 1, '2025-03-28 17:28:13', '2025-03-28 17:28:13'),
(187, 'CATASTRO', '192.168.0.183', 'CATASTRO', 'SISTEMAS', 1, '2025-03-28 17:28:41', '2025-03-28 17:28:41'),
(188, 'SOFIA RODRIGUEZ', '192.168.0.184', 'CARTOGRAFIA20', 'CARTOGRAFIA', 1, '2025-03-28 17:29:25', '2025-03-28 17:29:25'),
(189, 'LOURDES TOSCANO', '192.168.0.185', 'SECRETARIA05', 'SECRETARIA', 1, '2025-03-28 17:30:08', '2025-03-28 17:30:08'),
(190, 'AGUSTINA ROMERO', '192.168.0.186', 'ADMIN03', 'ADMINISTRACION', 1, '2025-03-28 17:31:41', '2025-03-28 17:31:41'),
(191, 'BEATRIZ AVILA', '192.168.0.187', 'SISTEMAS44', 'SISTEMAS', 1, '2025-03-28 17:32:17', '2025-03-28 17:32:17'),
(192, 'DESCONOCIDO', '192.168.0.188', 'DESCONOCIDO', 'DESCONOCIDO', 1, '2025-03-28 17:32:57', '2025-03-28 17:32:57'),
(193, 'LIBRE', '192.168.0.189', 'LIBRE', 'LIBRE', 1, '2025-03-28 17:33:33', '2025-03-28 17:33:33'),
(194, 'PABLO - JUAN', '192.168.0.190', 'ENTRADA01', 'PORTERIA', 1, '2025-03-28 17:37:28', '2025-03-28 17:37:28'),
(195, 'SEBASTIAN SAD', '192.168.0.191', 'PERSONAL04', 'PERSONAL', 1, '2025-03-28 17:38:05', '2025-03-28 17:38:05'),
(196, 'SERVER LAPSUS', '192.168.0.192', 'PERSONAL02', 'PERSONAL', 1, '2025-03-28 17:39:38', '2025-03-28 17:43:48'),
(197, 'KARINA ARANDA', '192.168.0.193', 'VALUACION25', 'VALUACION', 1, '2025-03-28 17:42:04', '2025-04-01 17:28:31'),
(198, 'DANIEL CABALIN', '192.168.0.194', 'VALUACION06', 'VALUACION', 1, '2025-03-28 17:43:00', '2025-03-28 17:43:00'),
(199, 'LIBRE', '192.168.0.195', 'LIBRE', 'LIBRE', 0, '2025-03-28 17:44:36', '2025-03-28 17:45:10'),
(200, 'LIBRE', '192.168.0.196', 'LIBRE', 'LIBRE', 1, '2025-03-28 17:46:19', '2025-03-28 17:46:19'),
(201, 'LUIS ARIZA', '192.168.0.197', 'SISTEMAS06', 'SISTEMAS', 1, '2025-03-28 17:47:54', '2025-03-28 17:47:54'),
(202, 'MARCELO ISASMENDI', '192.168.0.198', 'VALUACION37', 'VALUACION', 1, '2025-03-28 17:48:28', '2025-03-28 17:48:28'),
(203, 'MARIA ELENA HOYOS', '192.168.0.199', 'GESTION02', 'GESTION', 1, '2025-03-28 17:48:53', '2025-03-28 17:48:53'),
(204, 'VANESA ARIAS', '192.168.0.201', 'MENTRADA01', 'MENTRADA', 1, '2025-03-28 17:50:16', '2025-03-28 17:50:16'),
(205, 'ESCANER HP', '192.168.0.209', 'ESCANER HP', 'REGIMEN', 1, '2025-03-28 17:50:40', '2025-03-28 17:56:31'),
(206, 'PLOTER EPSON', '192.168.0.202', 'PLOTER EPSON', 'AGRIMENSURA', 1, '2025-03-28 17:51:13', '2025-03-28 17:51:13'),
(207, 'VIRTUAL', '192.168.0.203', 'SERVER', 'SERVER', 1, '2025-03-28 17:51:49', '2025-04-21 15:50:25'),
(208, 'KONICA BIZHUB 215', '192.168.0.204', 'KONICA BIZHUB 215', 'VALUACION', 1, '2025-03-28 17:52:25', '2025-03-28 17:52:25'),
(209, 'EBEE', '192.168.0.205', 'EBEEPLUS-DOS', 'SISTEMAS', 1, '2025-03-28 17:53:06', '2025-04-21 15:42:59'),
(210, 'NADIA VEGA', '192.168.0.206', 'MENTRADA08', 'MENTRADA', 1, '2025-03-28 17:54:07', '2025-03-28 17:54:07'),
(211, 'CRISTIAN MEDINA', '192.168.0.207', 'AGRIMENSURA21', 'AGRIMENSURA', 1, '2025-03-28 17:54:33', '2025-03-28 17:54:33'),
(212, 'NICOLAS MARENGO', '192.168.0.208', 'MENTRADA06', 'MENTRADA', 1, '2025-03-28 17:55:58', '2025-03-28 17:55:58'),
(213, 'LIBRE', '192.168.0.200', 'LIBRE', 'LIBRE', 1, '2025-03-28 17:56:50', '2025-03-28 17:56:50'),
(214, 'ALBA VILLA', '192.168.0.210', 'MENTRADA05', 'MENTRADA', 1, '2025-03-28 17:58:37', '2025-03-28 17:58:37'),
(215, 'SILVIA BARRERA', '192.168.0.211', 'SUMARIOS03', 'SUMARIOS', 1, '2025-03-28 18:00:26', '2025-03-28 18:00:26'),
(216, 'CARLOS CORONEL', '192.168.0.212', 'REGIMEN28', 'REGIMEN', 1, '2025-03-28 18:01:24', '2025-03-28 18:01:24'),
(217, 'FOTOCOPIADORA RICOH', '192.168.0.213', 'RICOH 430', 'SECRETARIA', 1, '2025-03-28 18:02:03', '2025-03-28 18:02:03'),
(218, 'MIGUEL GUERRERO', '192.168.0.214', 'VALUACION19', 'VALUACION', 1, '2025-03-28 18:03:00', '2025-03-28 18:03:00'),
(219, 'HUGO JIMENEZ', '192.168.0.215', 'SECRETARIA07', 'SECRETARIA', 1, '2025-03-28 18:03:55', '2025-03-28 18:03:55'),
(220, 'DESCONOCIDO', '192.168.0.216', 'MENTRADA04', 'MENTRADA', 1, '2025-03-28 18:05:48', '2025-04-11 17:20:25'),
(221, 'MARCELO GUTIERREZ', '192.168.0.217', 'VALUACION27', 'VALUACION', 1, '2025-03-28 18:07:24', '2025-03-28 18:07:24'),
(222, 'OSCAR GRAMAJO', '192.168.0.218', 'VALUACION04', 'VALUACION', 1, '2025-03-28 18:09:33', '2025-03-28 18:09:33'),
(223, 'JOSE NAVARRO', '192.168.0.219', 'MENTRADA03', 'MENTRADA', 1, '2025-03-28 18:15:17', '2025-03-28 18:15:17'),
(224, 'OSCAR ROMERO', '192.168.0.220', 'SECRETARIA02', 'SECRETARIA', 1, '2025-03-28 18:15:55', '2025-03-28 18:15:55'),
(225, 'VICENTE REARTE', '192.168.0.221', 'SECRETARIA03', 'SECRETARIA', 1, '2025-03-28 18:16:26', '2025-03-28 18:16:26'),
(226, 'FLAVIA SIERRA', '192.168.0.222', 'SECRETARIA04', 'SECRETARIA', 1, '2025-03-28 18:16:45', '2025-03-28 18:16:45'),
(227, 'LIBRE', '192.168.0.223', 'LIBRE', 'LIBRE', 1, '2025-03-28 18:17:04', '2025-03-28 18:17:04'),
(228, 'LORENA CUMIN', '192.168.0.224', 'PERSONAL03', 'PERSONAL', 1, '2025-03-28 18:19:18', '2025-03-28 18:19:18'),
(229, 'FLORENCIA ROBLES ABALOS', '192.168.0.236', 'MUNICIPIOS02', 'MUNICIPIOS', 1, '2025-03-28 18:20:25', '2025-03-28 18:34:28'),
(230, 'MAXI ROLDAN', '192.168.0.226', 'SECRETARIA09', 'SECRETARIA', 1, '2025-03-28 18:21:55', '2025-03-28 18:21:55'),
(231, 'GERARDO GIARDINI', '192.168.0.227', 'VALUACION21', 'VALUACION', 1, '2025-03-28 18:23:26', '2025-03-28 18:24:42'),
(232, 'GUSTAVO LAZARTE', '192.168.0.228', 'SECRETARIA11', 'SECRETARIA', 1, '2025-03-28 18:28:11', '2025-03-28 18:28:11'),
(233, 'MARIA JOSE LOBO', '192.168.0.229', 'SECRETARIA13', 'SECRETARIA', 1, '2025-03-28 18:28:30', '2025-03-28 18:28:30'),
(234, 'CESAR DEBBO', '192.168.0.230', 'DOMINIAL03', 'DOMINIAL', 1, '2025-03-28 18:29:12', '2025-03-28 18:29:12'),
(235, 'MARIA JOSE GUTIERREZ', '192.168.0.231', 'SUMARIOS07', 'SUMARIOS', 1, '2025-03-28 18:29:41', '2025-04-01 18:05:51'),
(236, 'ALEJANDRO NAVARRO', '192.168.0.232', 'DIRECCION01', 'DIRECCION', 1, '2025-03-28 18:30:17', '2025-03-28 18:30:17'),
(237, 'RELOJ01', '192.168.0.241', 'RELOJ01', 'PERSONAL', 1, '2025-03-28 18:31:29', '2025-04-07 16:20:36'),
(238, 'RELOJ04', '192.168.0.234', 'RELOJ04', 'PERSONAL', 1, '2025-03-28 18:32:07', '2025-03-31 17:27:21'),
(239, 'PAOLA SALIM', '192.168.0.235', 'MUNICIPIOS01', 'MUNICIPIOS', 1, '2025-03-28 18:32:59', '2025-03-28 18:32:59'),
(240, 'LIBRE', '192.168.0.225', 'LIBRE', 'LIBRE', 1, '2025-03-28 18:34:44', '2025-03-28 18:34:44'),
(241, 'SUSANA FIGUEROA', '192.168.0.237', 'SECRETARIA14', 'SECRETARIA', 1, '2025-03-28 18:35:23', '2025-03-28 18:35:23'),
(242, 'CAMILA SIRIMALDI', '192.168.0.238', 'REGIMEN05', 'REGIMEN', 1, '2025-03-28 18:35:57', '2025-04-01 16:47:48'),
(243, 'RELOJ03', '192.168.0.240', 'RELOJ03', 'PERSONAL', 1, '2025-03-28 18:36:52', '2025-03-31 17:27:02'),
(244, 'LIBRE', '192.168.0.233', 'LIBRE', 'LIBRE', 1, '2025-03-28 18:37:06', '2025-04-07 16:20:20'),
(245, 'RELOJ02', '192.168.0.242', 'RELOJ02', 'PERSONAL', 1, '2025-03-28 18:46:11', '2025-03-31 17:26:40'),
(246, 'SERVER', '192.168.0.243', 'SERVER', 'SISTEMAS', 1, '2025-03-28 18:46:45', '2025-03-28 18:46:45'),
(247, 'SERVER', '192.168.0.244', 'SERVER', 'SERVER', 1, '2025-03-28 18:47:10', '2025-03-28 18:47:54'),
(248, 'SERVER', '192.168.0.245', 'SERVER', 'SERVER', 1, '2025-03-28 18:47:22', '2025-03-28 18:48:13'),
(249, 'EBEE', '192.168.0.247', 'EBEEPLUS', 'SISTEMAS', 1, '2025-03-28 18:48:41', '2025-04-21 15:43:10'),
(250, 'SERVER', '192.168.0.246', 'SERVER', 'SERVER', 1, '2025-03-28 18:48:53', '2025-03-28 18:48:53'),
(251, 'SERVER', '192.168.0.248', 'SERVER', 'SERVER', 1, '2025-03-28 18:49:19', '2025-03-28 18:49:19'),
(252, 'IDRAC', '192.168.0.249', 'IDRAC', 'SISTEMAS', 1, '2025-03-28 18:49:45', '2025-03-28 18:49:45'),
(253, 'SERVER', '192.168.0.250', 'SERVER', 'SISTEMAS', 1, '2025-03-31 14:39:49', '2025-03-31 14:39:49'),
(254, 'SERVER', '192.168.0.251', 'SERVER', 'SISTEMAS', 1, '2025-03-31 14:40:14', '2025-03-31 14:40:14'),
(255, 'IDRAC', '192.168.0.252', 'IDRAC', 'SISTEMAS', 1, '2025-03-31 14:40:38', '2025-03-31 14:40:38'),
(256, 'SERVER', '192.168.0.253', 'SERVER', 'SISTEMAS', 1, '2025-03-31 14:40:58', '2025-03-31 14:40:58'),
(257, 'SERVER', '192.168.0.254', 'SERVER', 'SISTEMAS', 1, '2025-03-31 14:41:12', '2025-03-31 14:41:12'),
(258, 'SERVER', '192.168.0.255', 'SERVER', 'SISTEMAS', 1, '2025-03-31 14:41:20', '2025-03-31 14:41:20'),
(261, 'VIVOTEK', '192.168.1.101', 'AGRIMENSURA2', 'SISTEMAS', 1, '2025-05-05 16:18:22', '2025-05-05 16:18:22'),
(262, 'VIVOTEK', '192.168.1.106', 'REGULARIZACION DOMINIAL', 'SISTEMAS', 1, '2025-05-05 16:20:21', '2025-05-05 16:20:21'),
(263, 'VIVOTEK', '192.168.1.108', 'ARCHIVO REGIMEN', 'SISTEMAS', 1, '2025-05-05 16:20:58', '2025-05-05 16:20:58'),
(264, 'VIVOTEK', '192.168.1.110', 'REGIMEN CATASTRAL', 'SISTEMAS', 1, '2025-05-05 16:21:31', '2025-05-05 16:21:31'),
(265, 'VIVOTEK', '192.168.1.113', 'AGRIMENSURA 1', 'SISTEMAS', 1, '2025-05-05 16:22:07', '2025-05-05 16:22:07'),
(266, 'VIVOTEK', '192.168.1.114', 'CAMARA PASILLO', 'SISTEMAS', 1, '2025-05-05 16:22:37', '2025-05-05 16:22:37'),
(267, 'VIVOTEK', '192.168.1.117', 'PUERTA MESA DE ENTRADA', 'SISTEMAS', 1, '2025-05-05 16:23:09', '2025-05-05 16:23:09'),
(268, 'VIVOTEK', '192.168.1.118', 'SALA DE REUNIONES PB', 'SISTEMAS', 1, '2025-05-05 16:23:38', '2025-05-05 16:23:38'),
(269, 'VIVOTEK', '192.168.1.119', 'SISTEMAS2', 'SISTEMAS', 1, '2025-05-05 16:24:18', '2025-05-05 16:24:18'),
(270, 'VIVOTEK', '192.168.1.121', 'VALUACION1', 'SISTEMAS', 1, '2025-05-05 16:24:45', '2025-05-05 16:24:45'),
(271, 'VIVOTEK', '192.168.1.124', 'ASCENSOR', 'SISTEMAS', 1, '2025-05-05 16:25:42', '2025-05-05 16:25:42'),
(272, 'VIVOTEK', '192.168.1.125', 'DIRECTORIO', 'SISTEMAS', 1, '2025-05-05 16:26:23', '2025-05-05 16:26:23'),
(273, 'VIVOTEK', '192.168.1.129', 'PUERTA PRINCIPAL EXT', 'SISTEMAS', 1, '2025-05-05 16:26:54', '2025-05-05 16:26:54'),
(274, 'VIVOTEK', '192.168.1.134', 'INMUEBLES', 'SISTEMAS', 1, '2025-05-05 16:27:20', '2025-05-05 16:27:20'),
(275, 'VIVOTEK', '192.168.1.135', 'VALUACION PRINCIPAL', 'SISTEMAS', 1, '2025-05-05 16:27:50', '2025-05-05 16:27:50'),
(276, 'VIVOTEK', '192.168.1.132', 'PB-ADMINISTRACION', 'SISTEMAS', 1, '2025-05-05 16:28:19', '2025-05-05 16:28:19'),
(277, 'VIVOTEK', '192.168.1.127', 'INMUEBLES FISCAL 2', 'SISTEMAS', 1, '2025-05-05 16:28:49', '2025-05-05 16:28:49'),
(278, 'VIVOTEK', '192.168.1.126', 'PUERTA PRINCIPAL', 'SISTEMAS', 1, '2025-05-05 16:29:14', '2025-05-05 16:29:14'),
(279, 'VIVOTEK', '192.168.1.131', 'PB PASILLO 2', 'SISTEMAS', 1, '2025-05-05 16:29:40', '2025-05-05 16:29:40'),
(280, 'VIVOTEK', '192.168.1.103', 'INTENDENCIA', 'SISTEMAS', 1, '2025-05-05 16:30:11', '2025-05-05 16:30:11'),
(281, 'VIVOTEK', '192.168.1.109', 'PASILLO COCHERA', 'SISTEMAS', 1, '2025-05-05 16:30:37', '2025-05-05 16:30:37'),
(282, 'VIVOTEK', '192.168.1.122', 'CARTOGRAFIA', 'SISTEMAS', 1, '2025-05-05 16:31:08', '2025-05-05 16:31:08'),
(283, 'VIVOTEK', '192.168.1.102', 'COMEDOR', 'SISTEMAS', 1, '2025-05-05 16:31:29', '2025-05-05 16:31:29'),
(284, 'VIVOTEK', '192.168.1.107', 'SUMARIOS', 'SISTEMAS', 1, '2025-05-05 16:31:54', '2025-05-05 16:31:54'),
(285, 'VIVOTEK', '192.168.1.105', 'DEPOSITO DRONES', 'SISTEMAS', 1, '2025-05-05 16:32:51', '2025-05-05 16:32:51'),
(286, 'VIVOTEK', '192.168.1.136', 'CAMARA COCHERA', 'SISTEMAS', 1, '2025-05-05 16:33:22', '2025-05-05 16:33:22'),
(287, 'VIVOTEK', '192.168.1.120', 'SISTEMAS', 'SISTEMAS', 1, '2025-05-05 16:34:15', '2025-05-05 16:34:15'),
(288, 'VIVOTEK', '192.168.1.138', 'DESPACHO', 'SISTEMAS', 1, '2025-05-05 16:35:49', '2025-05-05 16:35:49'),
(289, 'VIVOTEK', '192.168.1.104', 'MESA DE ENTRADA', 'SISTEMAS', 1, '2025-05-05 16:38:40', '2025-05-05 16:38:40'),
(290, 'VIVOTEK', '192.168.100.107', 'AFUERA', 'DEPOSITO', 1, '2025-05-05 17:08:54', '2025-05-05 17:08:54'),
(291, 'VIVOTEK', '192.168.100.102', 'ADENTRO 1', 'DEPOSITO', 1, '2025-05-05 17:09:26', '2025-05-05 17:09:26'),
(292, 'VIVOTEK', '192.168.100.115', 'CAMARA DEPOSITO', 'DEPOSITO', 1, '2025-05-05 17:10:29', '2025-05-05 17:10:29');

-- --------------------------------------------------------

--
-- Estructura de tabla para la tabla `users`
--

CREATE TABLE `users` (
  `id` bigint(20) UNSIGNED NOT NULL,
  `username` varchar(255) NOT NULL,
  `name` varchar(255) NOT NULL,
  `email` varchar(255) NOT NULL,
  `email_verified_at` timestamp NULL DEFAULT NULL,
  `password` varchar(255) NOT NULL,
  `remember_token` varchar(100) DEFAULT NULL,
  `created_at` timestamp NULL DEFAULT NULL,
  `updated_at` timestamp NULL DEFAULT NULL
) ENGINE=InnoDB DEFAULT CHARSET=utf8mb4 COLLATE=utf8mb4_unicode_ci;

--
-- Volcado de datos para la tabla `users`
--

INSERT INTO `users` (`id`, `username`, `name`, `email`, `email_verified_at`, `password`, `remember_token`, `created_at`, `updated_at`) VALUES
(1, 'admin', 'Betsy Grimes', 'dee86@example.org', '2025-04-29 17:41:05', '$2y$12$3jGXeWjDRHBFMdEBi5gu7OZPll2fFlqAj8iv39y0EIJdMcGr3vwza', 'ChFwnALU5kwmKlAu93FgMjZ3zTWqRmq4Rn9JBL8eSMNdHP76dstwby47qooE', NULL, NULL),
(2, 'vgomez', 'Mr. Mckenna Labadie II', 'alexys58@example.net', '2025-05-05 17:00:10', '$2y$12$Mgo7n87h11QS3mOEGj/UyOdBSCfx8iej7u6xo0rGNAapL0hupFfMi', 'FvVpgJN5JluBId1XICfRMVzrSc9ynFOcgJPYkakzdxEJ2yR3f1w0ekPYpbgo', NULL, NULL);

--
-- Índices para tablas volcadas
--

--
-- Indices de la tabla `cache`
--
ALTER TABLE `cache`
  ADD PRIMARY KEY (`key`);

--
-- Indices de la tabla `cache_locks`
--
ALTER TABLE `cache_locks`
  ADD PRIMARY KEY (`key`);

--
-- Indices de la tabla `cambio_toners`
--
ALTER TABLE `cambio_toners`
  ADD PRIMARY KEY (`id`),
  ADD KEY `cambio_toners_impresora_id_foreign` (`impresora_id`),
  ADD KEY `cambio_toners_toner_id_foreign` (`toner_id`);

--
-- Indices de la tabla `failed_jobs`
--
ALTER TABLE `failed_jobs`
  ADD PRIMARY KEY (`id`),
  ADD UNIQUE KEY `failed_jobs_uuid_unique` (`uuid`);

--
-- Indices de la tabla `impresoras`
--
ALTER TABLE `impresoras`
  ADD PRIMARY KEY (`id`);

--
-- Indices de la tabla `jobs`
--
ALTER TABLE `jobs`
  ADD PRIMARY KEY (`id`),
  ADD KEY `jobs_queue_index` (`queue`);

--
-- Indices de la tabla `job_batches`
--
ALTER TABLE `job_batches`
  ADD PRIMARY KEY (`id`);

--
-- Indices de la tabla `migrations`
--
ALTER TABLE `migrations`
  ADD PRIMARY KEY (`id`);

--
-- Indices de la tabla `password_reset_tokens`
--
ALTER TABLE `password_reset_tokens`
  ADD PRIMARY KEY (`email`);

--
-- Indices de la tabla `sessions`
--
ALTER TABLE `sessions`
  ADD PRIMARY KEY (`id`),
  ADD KEY `sessions_user_id_index` (`user_id`),
  ADD KEY `sessions_last_activity_index` (`last_activity`);

--
-- Indices de la tabla `toners`
--
ALTER TABLE `toners`
  ADD PRIMARY KEY (`id`),
  ADD UNIQUE KEY `toners_codigo_unico_unique` (`codigo_unico`);

--
-- Indices de la tabla `ubications`
--
ALTER TABLE `ubications`
  ADD PRIMARY KEY (`id`);

--
-- Indices de la tabla `users`
--
ALTER TABLE `users`
  ADD PRIMARY KEY (`id`),
  ADD UNIQUE KEY `users_email_unique` (`email`),
  ADD UNIQUE KEY `users_username_unique` (`username`);

--
-- AUTO_INCREMENT de las tablas volcadas
--

--
-- AUTO_INCREMENT de la tabla `cambio_toners`
--
ALTER TABLE `cambio_toners`
  MODIFY `id` bigint(20) UNSIGNED NOT NULL AUTO_INCREMENT, AUTO_INCREMENT=34;

--
-- AUTO_INCREMENT de la tabla `failed_jobs`
--
ALTER TABLE `failed_jobs`
  MODIFY `id` bigint(20) UNSIGNED NOT NULL AUTO_INCREMENT;

--
-- AUTO_INCREMENT de la tabla `impresoras`
--
ALTER TABLE `impresoras`
  MODIFY `id` bigint(20) UNSIGNED NOT NULL AUTO_INCREMENT, AUTO_INCREMENT=38;

--
-- AUTO_INCREMENT de la tabla `jobs`
--
ALTER TABLE `jobs`
  MODIFY `id` bigint(20) UNSIGNED NOT NULL AUTO_INCREMENT;

--
-- AUTO_INCREMENT de la tabla `migrations`
--
ALTER TABLE `migrations`
  MODIFY `id` int(10) UNSIGNED NOT NULL AUTO_INCREMENT, AUTO_INCREMENT=11;

--
-- AUTO_INCREMENT de la tabla `toners`
--
ALTER TABLE `toners`
  MODIFY `id` bigint(20) UNSIGNED NOT NULL AUTO_INCREMENT, AUTO_INCREMENT=67;

--
-- AUTO_INCREMENT de la tabla `ubications`
--
ALTER TABLE `ubications`
  MODIFY `id` bigint(20) UNSIGNED NOT NULL AUTO_INCREMENT, AUTO_INCREMENT=293;

--
-- AUTO_INCREMENT de la tabla `users`
--
ALTER TABLE `users`
  MODIFY `id` bigint(20) UNSIGNED NOT NULL AUTO_INCREMENT, AUTO_INCREMENT=3;

--
-- Restricciones para tablas volcadas
--

--
-- Filtros para la tabla `cambio_toners`
--
ALTER TABLE `cambio_toners`
  ADD CONSTRAINT `cambio_toners_impresora_id_foreign` FOREIGN KEY (`impresora_id`) REFERENCES `impresoras` (`id`),
  ADD CONSTRAINT `cambio_toners_toner_id_foreign` FOREIGN KEY (`toner_id`) REFERENCES `toners` (`id`);
COMMIT;

/*!40101 SET CHARACTER_SET_CLIENT=@OLD_CHARACTER_SET_CLIENT */;
/*!40101 SET CHARACTER_SET_RESULTS=@OLD_CHARACTER_SET_RESULTS */;
/*!40101 SET COLLATION_CONNECTION=@OLD_COLLATION_CONNECTION */;
